gps_disponible,nombre,tipo,ubicacion,url
True,Abama Golf,18-hole course,"Guia de Isora, TEN, Spain",showcourse.php?cid=1227792771334
True,Águilas Club de Golf Isla del Fraile,18-hole course,"Águilas, Murcia, Spain",showcourse.php?cid=1683087419301315
True,aguilon,18-hole course,"Pulpi, Spain",showcourse.php?cid=1763579405725855
True,Aguilón Golf,18-hole course,"Pilar de Jaravia, AN, Spain",showcourse.php?cid=1315901238208
True,al haurin,no courses added,Spain,newcourseform.php?clid=1676929690333312
True,Albatros Golf,Albatros,"Arteixo, Spain",showcourse.php?cid=1526186882898313
True,Alborán Golf,18-hole course,"Almería, AN, Spain",showcourse.php?cid=1257342537543
True,Alcarria Golf Valdeluz,18-hole course,"Yebes, Guadalajara, Spain",showcourse.php?cid=1255970181021
True,Aldeamayor Golf Club,Championship,"Valladolid, CL, Spain",showcourse.php?cid=1132652837430
True,Aldeamayor Golf Club,Pares 3,"Valladolid, CL, Spain",showcourse.php?cid=1333187345571
True,Alenda Golf Club,18-hole course,"Monforte del Cid, VC, Spain",showcourse.php?cid=1204994207984
True,Alhama Signature Golf,18-hole course,"Alhama de Murcia, MC, Spain",showcourse.php?cid=1322468647080
True,Alhaurin Golf Club,18-hole course,"Alhaurín el Grande, AN, Spain",showcourse.php?cid=1214590642462
True,Alicante Golf,18-hole course,"Alicante (Alacant), VC, Spain",showcourse.php?cid=1323793698312025
True,Almenara Golf Club,Pinos,"Sotogrande, AN, Spain",showcourse.php?cid=1285587187320_1_1
True,Almenara Golf Club,Alcornoques,"Sotogrande, AN, Spain",showcourse.php?cid=1285587187320_2_2
True,Almenara Golf Club,Lagos,"Sotogrande, AN, Spain",showcourse.php?cid=1285587187320_3_3
True,Almenara Golf Club,Pinos + Alcornoques,"Sotogrande, AN, Spain",showcourse.php?cid=1285587187320_1_2
True,Almenara Golf Club,Pinos + Lagos,"Sotogrande, AN, Spain",showcourse.php?cid=1285587187320_1_3
True,Almenara Golf Club,Alcornoques + Lagos,"Sotogrande, AN, Spain",showcourse.php?cid=1285587187320_2_3
True,Aloha Golf Club,18-hole course,"Marbella, AN, Spain",showcourse.php?cid=1226433353060
True,Altaona Golf & Country Village,18-hole course,"Murcia, MC, Spain",showcourse.php?cid=1641826993122666
True,Altea Club de Golf,18-hole course,"Altea la Vieja, VC, Spain",showcourse.php?cid=1187507270693
True,Amarilla Golf Club,18-hole course,"Tenerife, CN, Spain",showcourse.php?cid=1201468819016
True,Amarilla Golf Club,P&P,"Tenerife, CN, Spain",showcourse.php?cid=1457429296379704
True,Anfi Tauro Golf,18-holes course,"Mogàn, CN, Spain",showcourse.php?cid=1218958297900
True,Anfi Tauro Golf,Par3,"Mogàn, CN, Spain",showcourse.php?cid=1695305262791668
True,Angeles de San Rafael,18-hole course,"El Espinar (Segovia), SG, Spain",showcourse.php?cid=1299688483665
True,Añoreta Resort & Golf,18-hole course,"Rincón de la Victoria, AN, Spain",showcourse.php?cid=1339668734732
True,Aravell Golf,Aravell golf,"Montferrer, cat, Spain",showcourse.php?cid=1319465179540015
True,Arcos Gardens,18-hole course,"Arcos de la Frontera, Cad, Spain",showcourse.php?cid=1336982897746414
True,Arcosur Golf,9-hole course,"Zaragoza, AR, Spain",showcourse.php?cid=1520779996779304
True,Asociación de Golf Villa de El Escorial,9 hoyos,"El Escorial, Spain",showcourse.php?cid=1722514980582688
True,Atalaya Golf & Country Club,New Course,"Estepona, AN, Spain",showcourse.php?cid=1193576081417
True,Atalaya Golf & Country Club,Old Course,"Estepona, AN, Spain",showcourse.php?cid=1252753771761
True,Augas Santas Golf,Augas Santas Golf,"Ferreira de Panton, Lug, Spain",showcourse.php?cid=1443044606568994
True,Azata Golf,18-hole course,"Estepona, AN, Spain",showcourse.php?cid=1634805495471023
True,Balneario de Mondariz,18-hole course,"Mondariz Balneario, Spain",showcourse.php?cid=1110306352538
True,Banús Executive Golf,9-hole course,"Marbella, AN, Spain",showcourse.php?cid=1620927786874072
True,Barberán y Collar,18-hole course,"MADRID, Spain",showcourse.php?cid=1512160481468605
True,Barberán y Collar,Barberán,"MADRID, Spain",showcourse.php?cid=1314261167272
True,Barberán y Collar,Dehesa Militar,"MADRID, Spain",showcourse.php?cid=1512160510662261
True,Barceló Montecastillo Golf,18-hole course,"Jerez de la Frontera, AN, Spain",showcourse.php?cid=1241692011532
True,Base Aerea de Zaragoza,Base Aerea de Zaragoza,"Zaragoza, Spain",showcourse.php?cid=1348351276359881
True,Base Area de Torrejón,18-hole course,"Torrejón de Ardoz, Mad, Spain",showcourse.php?cid=1253991527929
True,Base Naval Rota,Captain Jake Dennis,"Rota, CáD, Spain",showcourse.php?cid=1375658246266
True,Baviera Golf,Baviera,"Caleta de Vélez, AN, Spain",showcourse.php?cid=1333364987492817
True,Bellavista Golf Club,18-hole course,"Aljaraque, AN, Spain",showcourse.php?cid=1175968184303
True,Benalmádena Golf,9-hole course,"Málaga, AN, Spain",showcourse.php?cid=133258099160951
True,Abama Golf,18-hole course,"Guia de Isora, TEN, Spain",showcourse.php?cid=1227792771334
True,Águilas Club de Golf Isla del Fraile,18-hole course,"Águilas, Murcia, Spain",showcourse.php?cid=1683087419301315
True,aguilon,18-hole course,"Pulpi, Spain",showcourse.php?cid=1763579405725855
True,Aguilón Golf,18-hole course,"Pilar de Jaravia, AN, Spain",showcourse.php?cid=1315901238208
True,al haurin,no courses added,Spain,newcourseform.php?clid=1676929690333312
True,Albatros Golf,Albatros,"Arteixo, Spain",showcourse.php?cid=1526186882898313
True,Alborán Golf,18-hole course,"Almería, AN, Spain",showcourse.php?cid=1257342537543
True,Alcarria Golf Valdeluz,18-hole course,"Yebes, Guadalajara, Spain",showcourse.php?cid=1255970181021
True,Aldeamayor Golf Club,Championship,"Valladolid, CL, Spain",showcourse.php?cid=1132652837430
True,Aldeamayor Golf Club,Pares 3,"Valladolid, CL, Spain",showcourse.php?cid=1333187345571
True,Alenda Golf Club,18-hole course,"Monforte del Cid, VC, Spain",showcourse.php?cid=1204994207984
True,Alhama Signature Golf,18-hole course,"Alhama de Murcia, MC, Spain",showcourse.php?cid=1322468647080
True,Alhaurin Golf Club,18-hole course,"Alhaurín el Grande, AN, Spain",showcourse.php?cid=1214590642462
True,Alicante Golf,18-hole course,"Alicante (Alacant), VC, Spain",showcourse.php?cid=1323793698312025
True,Almenara Golf Club,Pinos,"Sotogrande, AN, Spain",showcourse.php?cid=1285587187320_1_1
True,Almenara Golf Club,Alcornoques,"Sotogrande, AN, Spain",showcourse.php?cid=1285587187320_2_2
True,Almenara Golf Club,Lagos,"Sotogrande, AN, Spain",showcourse.php?cid=1285587187320_3_3
True,Almenara Golf Club,Pinos + Alcornoques,"Sotogrande, AN, Spain",showcourse.php?cid=1285587187320_1_2
True,Almenara Golf Club,Pinos + Lagos,"Sotogrande, AN, Spain",showcourse.php?cid=1285587187320_1_3
True,Almenara Golf Club,Alcornoques + Lagos,"Sotogrande, AN, Spain",showcourse.php?cid=1285587187320_2_3
True,Aloha Golf Club,18-hole course,"Marbella, AN, Spain",showcourse.php?cid=1226433353060
True,Altaona Golf & Country Village,18-hole course,"Murcia, MC, Spain",showcourse.php?cid=1641826993122666
True,Altea Club de Golf,18-hole course,"Altea la Vieja, VC, Spain",showcourse.php?cid=1187507270693
True,Amarilla Golf Club,18-hole course,"Tenerife, CN, Spain",showcourse.php?cid=1201468819016
True,Amarilla Golf Club,P&P,"Tenerife, CN, Spain",showcourse.php?cid=1457429296379704
True,Anfi Tauro Golf,18-holes course,"Mogàn, CN, Spain",showcourse.php?cid=1218958297900
True,Anfi Tauro Golf,Par3,"Mogàn, CN, Spain",showcourse.php?cid=1695305262791668
True,Angeles de San Rafael,18-hole course,"El Espinar (Segovia), SG, Spain",showcourse.php?cid=1299688483665
True,Añoreta Resort & Golf,18-hole course,"Rincón de la Victoria, AN, Spain",showcourse.php?cid=1339668734732
True,Aravell Golf,Aravell golf,"Montferrer, cat, Spain",showcourse.php?cid=1319465179540015
True,Arcos Gardens,18-hole course,"Arcos de la Frontera, Cad, Spain",showcourse.php?cid=1336982897746414
True,Arcosur Golf,9-hole course,"Zaragoza, AR, Spain",showcourse.php?cid=1520779996779304
True,Asociación de Golf Villa de El Escorial,9 hoyos,"El Escorial, Spain",showcourse.php?cid=1722514980582688
True,Atalaya Golf & Country Club,New Course,"Estepona, AN, Spain",showcourse.php?cid=1193576081417
True,Atalaya Golf & Country Club,Old Course,"Estepona, AN, Spain",showcourse.php?cid=1252753771761
True,Augas Santas Golf,Augas Santas Golf,"Ferreira de Panton, Lug, Spain",showcourse.php?cid=1443044606568994
True,Azata Golf,18-hole course,"Estepona, AN, Spain",showcourse.php?cid=1634805495471023
True,Balneario de Mondariz,18-hole course,"Mondariz Balneario, Spain",showcourse.php?cid=1110306352538
True,Banús Executive Golf,9-hole course,"Marbella, AN, Spain",showcourse.php?cid=1620927786874072
True,Barberán y Collar,18-hole course,"MADRID, Spain",showcourse.php?cid=1512160481468605
True,Barberán y Collar,Barberán,"MADRID, Spain",showcourse.php?cid=1314261167272
True,Barberán y Collar,Dehesa Militar,"MADRID, Spain",showcourse.php?cid=1512160510662261
True,Barceló Montecastillo Golf,18-hole course,"Jerez de la Frontera, AN, Spain",showcourse.php?cid=1241692011532
True,Base Aerea de Zaragoza,Base Aerea de Zaragoza,"Zaragoza, Spain",showcourse.php?cid=1348351276359881
True,Base Area de Torrejón,18-hole course,"Torrejón de Ardoz, Mad, Spain",showcourse.php?cid=1253991527929
True,Base Naval Rota,Captain Jake Dennis,"Rota, CáD, Spain",showcourse.php?cid=1375658246266
True,Baviera Golf,Baviera,"Caleta de Vélez, AN, Spain",showcourse.php?cid=1333364987492817
True,Bellavista Golf Club,18-hole course,"Aljaraque, AN, Spain",showcourse.php?cid=1175968184303
True,Benalmádena Golf,9-hole course,"Málaga, AN, Spain",showcourse.php?cid=133258099160951
True,Bilbao Golf,Bilbao golf,"Larrabetzu, Viz, Spain",showcourse.php?cid=1387471192988674
True,Bocigas,18-hole course,"Valladolid, Spain",showcourse.php?cid=1374491085650
True,Buenavista Golf,18-hole course,"Buenavista, CN, Spain",showcourse.php?cid=1141567902484
True,Cabopino Golf Marbella,Cabopino,"Marbella, AN, Spain",showcourse.php?cid=1142412915307
True,cala llonga,18-hole course,"ibiza, bal, Spain",showcourse.php?cid=1218147093938
True,Calanova Golf Club,18-hole course,"La Cala de Mijas, AN, Spain",showcourse.php?cid=1252321283370
True,Caldes Montbui Sakura,9-hole course,"Caldes de Montbui, CAT, Spain",showcourse.php?cid=1120736404325
True,Camp der Mar,18-hole course,Spain,showcourse.php?cid=1184434243108
True,Campo de Golf Antequera,18-hole course,"Antequera, AN, Spain",showcourse.php?cid=1360710232143
True,Campo Municipal de Golf Supera La Torre De Hércule,9-hole course,"A Coruña, Spain",showcourse.php?cid=1287582590656
True,Campoa 9H,18-hole course,Spain,showcourse.php?cid=1295093922336
True,Campomar,Campomar 18 Hoyos,"Narón (A Coruña) , Spain",showcourse.php?cid=1290589186317
True,Camposol Club de Golf,Camposol club de golf,"Mazarron, Murcia, Spain",showcourse.php?cid=1437738486263495
True,CAN BOSCH SANT FELIU,18-hole course,"Sant Feliu de Codines, Spain",showcourse.php?cid=1213532208280
True,Can Cuyas Golf,18-hole course,"Sant Feliu de Llobregat (Bcn), CAT, Spain",showcourse.php?cid=1247915601487
True,Can Rafel,9 forats amb sortides dobles,"Barcelona, Catalonia, Spain",showcourse.php?cid=1635788485683024
True,Canyamel Golf - Mallorca,18-hole course,"Capdepera, IB, Spain",showcourse.php?cid=1133788421489
True,Capdepera Golf,18-hole course,"Artá, PM, Spain",showcourse.php?cid=1143748238488
True,Casares Costa Golf,9-hole course,"Casares, AN, Spain",showcourse.php?cid=1275760646461
True,Casino Club de Golf Retamares,-,"Madrid, Spain",showcourse.php?cid=1202123152547
True,Castropol Golf,18-hole course,"Castropol, Spain",showcourse.php?cid=1407313745413034
True,Cdc negro,18-hole course,"Madrid, Mad, Spain",showcourse.php?cid=1237102318476
True,CDE Torija,Torija P&P,"Torija, Guadalajara, Spain",showcourse.php?cid=1431249634389
True,CDM La Dehesa,18-hole course,"Madrid, MAD, Spain",showcourse.php?cid=1351455305432
True,Centre de Golf El Vendrell,18-hole course,"El Vendrell, Spain",showcourse.php?cid=1140271764855
True,Centro de tecnificacion,Centro de Tecnificacion de Madrid,"Madrid, Mad, Spain",showcourse.php?cid=1212352096368
True,Centro de tecnificacion,Ct,"Madrid, Mad, Spain",showcourse.php?cid=1404670267439
True,Centro Nacional de Golf,18-hole course,"Madrid, MD, Spain",showcourse.php?cid=1248125289521
True,Cerrado del Águila Golf And Resort,9-hole course,"Las Lagunas de Mijas, AN, Spain",showcourse.php?cid=1369295411255133
True,Chaparral Golf Club,18-hole course,"Las Lagunas de Mijas, AN, Spain",showcourse.php?cid=1232641679343
True,Chiclana Family Golf Park,Chiclana Family Golf Park,"Chiclana de la Frontera, CAD, Spain",showcourse.php?cid=144519897463622
True,Cierro Grande,Cierro Grande,"tapia de casariego, Spain",showcourse.php?cid=1472465582884824
True,Closed,La Pared,Spain,showcourse.php?cid=1551114344506371
True,Club de Campo Black,18-hole course,"Madrid, Spain",showcourse.php?cid=1219398272284
True,Club de Campo El Tiro,18-hole course,"La Granja de San Ildefonso - S, SEG, Spain",showcourse.php?cid=1231518898638
True,Club de Campo Villa de Madrid,Pares 3,"Madrid, MAD, Spain",showcourse.php?cid=1467368299929860
True,Club de Campo Villa de Madrid,Recorrido Amarillo,"Madrid, MAD, Spain",showcourse.php?cid=1503930378949856
True,Club de Campo Villa de Madrid,Recorrido Negro,"Madrid, MAD, Spain",showcourse.php?cid=1319249893677071
True,Club de golf,18-hole course,"Son servera, Spain",showcourse.php?cid=1251017360075
True,Club de Golf Alcanada,18-hole course,"Port d'Alcúdia, Mallorca, Spain",showcourse.php?cid=1186992610135
True,Club de Golf Almerimar,Rojo,"Almerimar, AN, Spain",showcourse.php?cid=1627040216533846_1_1
True,Club de Golf Almerimar,Azul,"Almerimar, AN, Spain",showcourse.php?cid=1627040216533846_2_2
True,Club de Golf Almerimar,Blanco,"Almerimar, AN, Spain",showcourse.php?cid=1627040216533846_3_3
True,Club de Golf Almerimar,Rojo + Azul,"Almerimar, AN, Spain",showcourse.php?cid=1627040216533846_1_2
True,Club de Golf Almerimar,Rojo + Blanco,"Almerimar, AN, Spain",showcourse.php?cid=1627040216533846_1_3
True,Club de Golf Almerimar,Azul + Blanco,"Almerimar, AN, Spain",showcourse.php?cid=1627040216533846_2_3
True,Club de Golf Aranjuez,Club de Golf Aranjuez,"Aranjuez, Spain",showcourse.php?cid=1319837693174313
True,Club de Golf Arévalo,Arévalo,"Arévalo, Ávila, Spain",showcourse.php?cid=1473098585108269
True,Club de Golf Barcelona,18 forats - masia,"Sant Esteve Sesrovires, CT, Spain",showcourse.php?cid=1301298837622
True,Club de Golf Barcelona,9 forats - executive,"Sant Esteve Sesrovires, CT, Spain",showcourse.php?cid=1310134015422
True,Club De Golf Bonalba,18-hole course,"Mutxamel, VC, Spain",showcourse.php?cid=134330613428390
True,Club de golf Camprodon,18-hole course,"Camprodon, Catalunya, Spain",showcourse.php?cid=1684830073347465
True,Club de Golf Castellterçol,18-hole course,"Castellterçol, Barcelona, Spain",showcourse.php?cid=1679399611119278
True,Club de Golf Castillo de Gorraiz,Gorraiz,"Gorráiz, NC, Spain",showcourse.php?cid=1322577350500
True,Club de Golf Corta Atalaya,9-hole course,"Minas de Riotinto, Huelva, Spain",showcourse.php?cid=1470846412504117
True,Club de Golf Costa Brava,Recorregut Vermell,"Santa Maria de Solius, CT, Spain",showcourse.php?cid=1348772679640008
True,Club de Golf Costa Brava,Rojo,"Santa Maria de Solius, CT, Spain",showcourse.php?cid=155385762024847
True,Club de Golf Costa Brava,Verde,"Santa Maria de Solius, CT, Spain",showcourse.php?cid=1128609400009
True,Club de Golf Costa Daurada,Main course,"El Catllar (Tarragona), CAT, Spain",showcourse.php?cid=1514119709196891
True,Club de Golf Costa Daurada,Pitch and Putt,"El Catllar (Tarragona), CAT, Spain",showcourse.php?cid=1577392288701791
True,club de golf costa de azahar,Costa Azahar Recorrido Azul,"grao, castellon, Spain",showcourse.php?cid=1669508652952336
True,club de golf costa de azahar,Costa Azahar Recorrido Rosa,"grao, castellon, Spain",showcourse.php?cid=1669508974669878
True,club de golf costa de azahar,Costa Azahar Recorrido Verde,"grao, castellon, Spain",showcourse.php?cid=1669507528471938
True,club de golf costa de azahar,costa de azahar,"grao, castellon, Spain",showcourse.php?cid=1397341057162099
True,Club de Golf de Jaca,18-hole course,"Jaca, Hue, Spain",showcourse.php?cid=1408127129242630
True,Club de Golf de Son Servera,18-hole course,"Costa dels Pins, IB, Spain",showcourse.php?cid=1202729545660
True,Club de Golf El Espinar,18-hole course,"El Espinar, Castilla y León, Spain",showcourse.php?cid=1725908549321737
True,Club de Golf Entrepinos,Entrepinos,"Simancas, Sp, Spain",showcourse.php?cid=1132606883070
True,Club de Golf Entrepinos,Golf Entrepinos,"Simancas, Sp, Spain",showcourse.php?cid=1379082605279
True,Club de Golf Escorpión,Masia,"Bétera, VC, Spain",showcourse.php?cid=1227522189124_1_1
True,Club de Golf Escorpión,Lagos,"Bétera, VC, Spain",showcourse.php?cid=1227522189124_2_2
True,Club de Golf Escorpión,Nuevos,"Bétera, VC, Spain",showcourse.php?cid=1227522189124_3_3
True,Club de Golf Escorpión,Masia + Lagos,"Bétera, VC, Spain",showcourse.php?cid=1227522189124_1_2
True,Club de Golf Escorpión,Masia + Nuevos,"Bétera, VC, Spain",showcourse.php?cid=1227522189124_1_3
True,Club de Golf Escorpión,Lagos + Nuevos,"Bétera, VC, Spain",showcourse.php?cid=1227522189124_2_3
True,Club de Golf Hato Verde,HATO VERDE,"Guillena, Sevilla, Spain",showcourse.php?cid=1321708845372
True,Club de Golf Ifach,9-hole course,"Benissa, VC, Spain",showcourse.php?cid=1187512647895
True,Club de golf Javea,18-hole course,"Jávea, Alicante, Spain",showcourse.php?cid=1367427886521
True,Club de Golf La Cañada,18-hole course,"San Roque, AN, Spain",showcourse.php?cid=1357308329995
True,Club de Golf la Dehesa,18-hole course,"Villanueva de la Cañada, Madrid, Spain",showcourse.php?cid=1203762699616
True,Club de Golf La Garza,La Garza,"Linares - Jaén, AN, Spain",showcourse.php?cid=1314268576426
True,Club de Golf La Mola,9-hole course,"Matadepera, CAT, Spain",showcourse.php?cid=1229092585907
True,Club De Golf La Zagaleta,New,"Benahavís, AN, Spain",showcourse.php?cid=1311788211881
True,Club De Golf La Zagaleta,Old,"Benahavís, AN, Spain",showcourse.php?cid=1312751654393
True,Club de Golf Las Rejas,9 largos,"Majadahonda , Madrid, Mad, Spain",showcourse.php?cid=1184152467952
True,Club de Golf Las Rejas,Club de Golf las Rejas,"Majadahonda , Madrid, Mad, Spain",showcourse.php?cid=1350903895109425
True,Club de Golf Las Rejas,par 3,"Majadahonda , Madrid, Mad, Spain",showcourse.php?cid=1205658268299
True,Club de Golf Llavaneras,18-hole course,"St. Andreu de Llavaneras, Spain",showcourse.php?cid=1363179187819
True,Club de Golf los Balagares,Campo de Golf Los Balagares,"Corvera de Asturias, Spain",showcourse.php?cid=1376255654469615
True,Club de Golf Madera III El Tragamon,9-hole course,"Gijón, Spain",showcourse.php?cid=1239449806056
True,Club de Golf Montanyà,18-hole course,"bcn, CT, Spain",showcourse.php?cid=1188074744847
True,Club de Golf Nestares,18-hole course,"Nestares, Cantabria, Spain",showcourse.php?cid=1336027406202734
True,Club de Golf Oliva Nova,18-hole course,"Oliva, VC, Spain",showcourse.php?cid=1206029235544
True,Club De Golf Playa Serena,18-hole course,"Roquetas de Mar, AN, Spain",showcourse.php?cid=1212662268964
True,Club de Golf Pozoblanco,Club de Golf Pozoblanco,"Pozoblanco, COR, Spain",showcourse.php?cid=1386797455624706
True,Club de Golf Sant Cugat,Naranja,"SANT CUGAT DEL VALLES (BCN), CAT, Spain",showcourse.php?cid=1595187975859588
True,Club de Golf Sant Cugat,Rojo,"SANT CUGAT DEL VALLES (BCN), CAT, Spain",showcourse.php?cid=1316630592124
True,Club de Golf Terramar,18-hole course,"Sitges, CT, Spain",showcourse.php?cid=1157101623377
True,Club de Golf Torre-Pacheco,Combinado,"Torre-Pacheco, MC, Spain",showcourse.php?cid=1745438171948931
True,Club de Golf Torre-Pacheco,Pitch & Putt,"Torre-Pacheco, MC, Spain",showcourse.php?cid=1478029624858012
True,Club de Golf Ulzama,18-hole course,"Lizaso, Navarra, Spain",showcourse.php?cid=1306258797679
True,Club de Golf Vallromanes,18-hole course,"Vallromanes, CT, Spain",showcourse.php?cid=1266485514056
True,Club de Golf Villa de Cuéllar,18-hole course,"Cuéllar, SG, Spain",showcourse.php?cid=1376829591357056
True,club de golf Villarrin,18-hole course,"Zam, Spain",showcourse.php?cid=1154271322677
True,Club de Golf Zuia,Zuia,"Altube, Ala, Spain",showcourse.php?cid=1343945017825532
True,Club Golf Bierzo,Club Golf Bierzo,"Congosto, Spain",showcourse.php?cid=1465244072509546
True,Club Golf D`Aro,Course 1,"Platja de Aro, Cat, Spain",showcourse.php?cid=1112601623177
True,Club Golf d'Aro - Mas Nou,18-hole course,"Platja d'Aro, CT, Spain",showcourse.php?cid=1578302524959721
True,Club Golf D’Aro – Mas Nou,18-hole course,"Platja d’Aro, Girona, Spain",showcourse.php?cid=1578266458759145
True,Club Golf Soria,Golf Soria,"Soria, Spain",showcourse.php?cid=1243347156876
True,Club Golf Villarías,18-hole course,"Villarías, Bur, Spain",showcourse.php?cid=1155151811328
True,Club Las Encinas de Boadilla,18-hole course,"Boadilla del Monte, Mad, Spain",showcourse.php?cid=1253556255592
True,Club Zamora Valderey,Valderey Zamora,"Zamora, Castilla León, Spain",showcourse.php?cid=1721521054396220
True,Club Zaudin Golf,18-hole course,"Tomares, Sevilla, Spain",showcourse.php?cid=1203602774390
True,Colmenar Viejo,9H,"Madrid, Spain",showcourse.php?cid=1312440559041
True,Complejo Deportivo Sotoverde,Sotoverde,"Arroyo de la Encomienda, VA, Spain",showcourse.php?cid=1346596039827
True,CORVERA GOLF & COUNTRY CLUB,18-hole course,"Corvera, Spain",showcourse.php?cid=1388131523747468
True,Costa Ballena Ocean Golf Club,Olivos,"Costa Ballena, Spain",showcourse.php?cid=1259690115955_1_1
True,Costa Ballena Ocean Golf Club,Palmeras,"Costa Ballena, Spain",showcourse.php?cid=1259690115955_2_2
True,Costa Ballena Ocean Golf Club,Ficus,"Costa Ballena, Spain",showcourse.php?cid=1259690115955_3_3
True,Costa Ballena Ocean Golf Club,Olivos + Palmeras,"Costa Ballena, Spain",showcourse.php?cid=1259690115955_1_2
True,Costa Ballena Ocean Golf Club,Olivos + Ficus,"Costa Ballena, Spain",showcourse.php?cid=1259690115955_1_3
True,Costa Ballena Ocean Golf Club,Palmeras + Ficus,"Costa Ballena, Spain",showcourse.php?cid=1259690115955_2_3
True,Costa Ballena Ocean Golf Club,Par 3,"Costa Ballena, Spain",showcourse.php?cid=153996288277349
True,Costa Teguise,18-hole course,"Costa Teguise, Lanzarote - Canary Isles ?? , Spain",showcourse.php?cid=1230312843481
True,CUENCA GOLF CLUB,9-hole course,"Villar de Olalla, Cuenca, Spain",showcourse.php?cid=1724428101975484
True,CUENCA GOLF CLUB,Villar de Olalla Cuenca,"Villar de Olalla, Cuenca, Spain",showcourse.php?cid=1362952576493
True,Dehesa Montenmedio,18-hole course,"Vejer de la Frontera, AN, Spain",showcourse.php?cid=1341489159689
True,Desert Springs Golf Club,Indiana,"Cuevas del Almanzora, Almería, AN, Spain",showcourse.php?cid=151329517631501
True,Deva Golf,Deva Golf,"Gijón , Ast, Spain",showcourse.php?cid=1451680373382468
True,Don Tello Golf,Don Tello-AMS,"Mérida, Ext, Spain",showcourse.php?cid=1361434554498
True,Dona Julia Golf Club,18-hole course,"Casares, AN, Spain",showcourse.php?cid=1237242164620
True,El Bonillo,El Bonillo,"El Bonillo - Albacete, Spain",showcourse.php?cid=1288570297147
True,El Bosque Golf Club,18-hole course,"Chiva, Valencia, Spain",showcourse.php?cid=1118834650281
True,El Campanario,9-hole course,"Estepona, MAL, Spain",showcourse.php?cid=1519387177417302
True,El cortijo club de campo,cortijo,"Telde, Spain",showcourse.php?cid=1325151293445574
True,El cortijo club de campo,El cortijo,"Telde, Spain",showcourse.php?cid=1324839055156
True,El Cortijo Grande,2x9 hole-2013,"04639 Almeria, Spain",showcourse.php?cid=1372318221255248
True,El Encin Golf,18-hole course,"Alcalá de Henares, Mad, Spain",showcourse.php?cid=1306957420649
True,El Encin Golf,9 Hoyos cortos,"Alcalá de Henares, Mad, Spain",showcourse.php?cid=1572858339744174
True,El Fresnillo,Ávila,"Avila, Spain",showcourse.php?cid=1211460904970
True,El Hidalgo Club de Golf,Abedul Golf Pitch & Putt,"ALCAZAR DE SAN JUAN, CLM, Spain",showcourse.php?cid=1380112808674235
True,El Higueral Golf,9-holes,"Benahavís, AN, Spain",showcourse.php?cid=1372106467344981
True,El Paraíso Golf,18-hole course,"Estepona, AN, Spain",showcourse.php?cid=1175355690068
True,El Pilar - Sarria,no courses added,"Sarria, Spain",newcourseform.php?clid=1637126275382754
True,El Plantío Golf Resort,18-hole course,"Alacant, VC, Spain",showcourse.php?cid=1128780081426
True,El Plantío Golf Resort,El Plantio 9 holes,"Alacant, VC, Spain",showcourse.php?cid=1287744836775
True,El renachal,18-hole course,"Moya, Cuenca, Spain",showcourse.php?cid=1670483240713075
True,El Robledal,18 Hoyos,"Madrid, M, Spain",showcourse.php?cid=1223309480324
True,El Rompid,18-hole course,"Huelva, Spain",showcourse.php?cid=1127546204500
True,El Saler,18-hole course,"El Saler, Valencia, Spain",showcourse.php?cid=1118836513781
True,EL tamujar,18-hole course,Spain,showcourse.php?cid=1110578321240
True,El Valle Golf,18-hole course,"Murcia, Spain",showcourse.php?cid=1347217346324682
True,El Vallès Golf,Pitch & Putt,"Terrassa, Barcelona, Spain",showcourse.php?cid=1543651577295112
True,Empordà Golf,Forest,"Gualta, CT, Spain",showcourse.php?cid=1145385230390
True,Empordà Golf,Links,"Gualta, CT, Spain",showcourse.php?cid=1205009311600
True,Equelite Golf Villena,EqueliteGolfVillena,"Villena, Spain",showcourse.php?cid=136976375629596
True,Escalona,Largo,"Escalona (Toledo), Spain",showcourse.php?cid=1272917589476
True,Escalona,largo + par 3,"Escalona (Toledo), Spain",showcourse.php?cid=1274198093272
True,Escalona,par 3,"Escalona (Toledo), Spain",showcourse.php?cid=1272918556616
True,Escuela de Golf Castilla y León,Renedo,"Valladolid, VA, Spain",showcourse.php?cid=1384114275184327
True,Escuela de Golf de Castilla y León,18-hole course,"Valladolid, Spain",showcourse.php?cid=1675448302792233
True,Escuela de Golf Elche,El Misteri,"Elx, Alicante, Spain",showcourse.php?cid=1733856075679595
True,Escuela de Golf Elche,El Palmeral,"Elx, Alicante, Spain",showcourse.php?cid=1761691131344764
True,Escuela golf Castilla y León,18-hole course,"Valladolid, Spain",showcourse.php?cid=1675236348746330
True,Estepona Golf,18-hole course,"Estepona, AN, Spain",showcourse.php?cid=1111482919623
True,Fairplay Golf & Spa Resort,18-hole course,"Benalup-Casas Viejas, AN, Spain",showcourse.php?cid=1241778629042
True,Federación de Golf de Madrid,Federación de Golf de Madrid,"MADRID, Spain",showcourse.php?cid=1315548335467
True,Finca Cortesin,18-hole course,"Casares, Mál, Spain",showcourse.php?cid=1341488999580
True,Font del Llop Golf Resort,18-hole course,"Monforte del Cid, VC, Spain",showcourse.php?cid=1473961464314044
True,Fontanals Golf,18-hole course,"Fontanals, CT, Spain",showcourse.php?cid=1346063288615
True,Foressos Club de Golf,18-hole course,"Picassent, Valencia, Spain",showcourse.php?cid=1207047424472
True,Franciach,Franciach 1 1-9,"Franciach, Spain",showcourse.php?cid=1325954630249
True,Fuerteventura Golf Club,18-hole course,"Antigua, CN, Spain",showcourse.php?cid=1293739514388
True,fuertoventure,18-hole course,Spain,showcourse.php?cid=1351798591662502
True,Gambito Golf Club Calatayud,Gambito Golf Calatayud,"Calatayud (Zaragoza), Aragon, Spain",showcourse.php?cid=1375635093843
True,Gaudí Reus Golf Club,18-hole course,"Reus, CT, Spain",showcourse.php?cid=1127480940468
True,Goiburu Golf Club,9-hole course,"Andoain, Spain",showcourse.php?cid=1281368366746
True,Golf Abra Del Pas,Abra del Pas,"Mogro, CB, Spain",showcourse.php?cid=1333381586568912
True,Golf Altorreal,18-hole course,"Molina de Segura, MC, Spain",showcourse.php?cid=1367766524774278
True,Golf Bonmont Terres Noves,18-hole course,"Mont-roig del Camp (Tarragona), Cat, Spain",showcourse.php?cid=1336291335349475
True,Golf Cambrils - Pitch & Putt 9 forats,Mas Gallau,"Cambrils, BC, Spain",showcourse.php?cid=1555367185210343
True,Golf Campo de Layos,18-hole course,"Layos, Tol, Spain",showcourse.php?cid=1134208420393
True,Golf Candeleda,Golf Candeleda,"Candeleda, Spain",showcourse.php?cid=1468106140221698
True,Golf Center Majadahonda,Center Majadahonda,"Majadahonda, Spain",showcourse.php?cid=1226231640868
True,Golf Ciudad Real,18-hole course,"Ciudad Real, CM, Spain",showcourse.php?cid=1377290768968172
True,Golf Club Playitas,18-hole course,"Tuineje, CN, Spain",showcourse.php?cid=1331993294112
True,Golf Club Salinas de Antigua,18-hole course,"Antigua, SAL, Spain",showcourse.php?cid=1293743241434
True,Golf Colmenar,9H,Spain,showcourse.php?cid=1371803146210425
True,Golf Costa Adeje,Championship Course,"Adeje, CN, Spain",showcourse.php?cid=1253638484820
True,Golf Costa Adeje,Los Lagos,"Adeje, CN, Spain",showcourse.php?cid=1389965824269184
True,Golf de Andratx,18-hole course,"Camp de Mar, Andratx, Spain",showcourse.php?cid=1152176271485
True,Golf de Caldes,18-hole course,"Caldes de Montbuí (BCN), Spain",showcourse.php?cid=1115068789555
True,Golf de ibiza,18-holes,"Santa eulalia, Spain",showcourse.php?cid=1239395516305
True,Golf de ibiza,9-holes,"Santa eulalia, Spain",showcourse.php?cid=155859426751408
True,Golf de Pals,18-hole course,"Pals, CT, Spain",showcourse.php?cid=1240166127022
True,Golf de Poniente,18-hole course,"Magalluf, Calvia, Mallorca, Spain",showcourse.php?cid=1148714122281
True,Golf de Son Termens,18-hole course,"Bunyola, Mallorca, Spain",showcourse.php?cid=1161578951744
True,Golf del Sur,A-Links,"Golf del Sur, CN, Spain",showcourse.php?cid=1577799871664371_1_1
True,Golf del Sur,B-Norte,"Golf del Sur, CN, Spain",showcourse.php?cid=1577799871664371_2_2
True,Golf del Sur,C-Sur,"Golf del Sur, CN, Spain",showcourse.php?cid=1577799871664371_3_3
True,Golf del Sur,A-Links  + B-Norte,"Golf del Sur, CN, Spain",showcourse.php?cid=1577799871664371_1_2
True,Golf del Sur,A-Links  + C-Sur,"Golf del Sur, CN, Spain",showcourse.php?cid=1577799871664371_1_3
True,Golf del Sur,B-Norte + C-Sur,"Golf del Sur, CN, Spain",showcourse.php?cid=1577799871664371_2_3
True,Golf Dunas de Doñana,DOÑANA GOLF,"Matalascañas, Huelva, Spain",showcourse.php?cid=1295623604571
True,Golf Dunas de Doñana,Golf Dunas de Donana,"Matalascañas, Huelva, Spain",showcourse.php?cid=1266007620689
True,Golf El Puerto,18-hole course,"El Puerto de Santa María, Spain",showcourse.php?cid=1195421810483
True,Golf El Rompido,CAMPO NORTE,"El Rompido, AN, Spain",showcourse.php?cid=1221891307106
True,Golf El Rompido,CAMPO SUR,"El Rompido, AN, Spain",showcourse.php?cid=13508427965961
True,Golf Girona,18-hole course,"St. Julià de Ramis, CAT, Spain",showcourse.php?cid=1123429460062
True,Golf Guadiana,18-hole course,"Badajoz, Spain",showcourse.php?cid=1340080580390
True,Golf Jardín de Aranjuez,18-hole course,"Aranjuez-Madrid, Mad, Spain",showcourse.php?cid=1345806110565044
True,Golf Jardín de Aranjuez,-,"Aranjuez-Madrid, Mad, Spain",showcourse.php?cid=1205094760774
True,Golf Jundiz,Golf Jundiz,"Vitoria, Spain",showcourse.php?cid=1388863210563
True,Golf L' Angel de Lloret,18-hole course,"Lloret de Mar (GIR), Spain",showcourse.php?cid=1114791348693
True,Golf La Estancia,18-hole course,"Chiclana de la Frontera, AN, Spain",showcourse.php?cid=1255194336755
True,Golf La Llorea,18-holes,"Gijon, Asturias, Spain",showcourse.php?cid=1502694313483647
True,Golf La Llorea,Par 70,"Gijon, Asturias, Spain",showcourse.php?cid=1677325759107522
True,Golf La Moraleja,18-hole course,"ALGETE, MAD, Spain",showcourse.php?cid=1194801186432
True,Golf La Moraleja,9H,"ALGETE, MAD, Spain",showcourse.php?cid=1253515531984
True,Golf La Moraleja,CAMPO 1,"ALGETE, MAD, Spain",showcourse.php?cid=1246612897251
True,Golf La Moraleja,CAMPO 2,"ALGETE, MAD, Spain",showcourse.php?cid=1195237530916
True,Golf La Moraleja,CAMPO 3,"ALGETE, MAD, Spain",showcourse.php?cid=1368224210266936
True,Golf La Moraleja,CAMPO 4,"ALGETE, MAD, Spain",showcourse.php?cid=1367616842931658
True,Golf La Roca,18-hole course,"La Roca del Vallès, CT, Spain",showcourse.php?cid=1168635739642
True,Golf La Roqueta,9-hole course,"Castellgalí, CAT, Spain",showcourse.php?cid=1131795138267
True,Golf La Rosaleda,18-hole course,"Puerto de la Cruz, Tenerife, Spain",showcourse.php?cid=1326018202774
True,Golf Las Américas,18-hole course,"Playa de las Américas, Ten, Spain",showcourse.php?cid=1318363572188981
True,Golf Las Colinas,18-hole course,"Dehesa de Campoamor, VC, Spain",showcourse.php?cid=1296498349718
True,Golf Las Ramblas,18-hole course,"Orihuela, VC, Spain",showcourse.php?cid=1107813000158
True,Golf Lerma,Lerma,"Lerma, BU, Spain",showcourse.php?cid=1191611953992
True,Golf Lleida & Country Club,18-hole course,"Raimat (Lleida), Cat, Spain",showcourse.php?cid=1254767078807
True,Golf Los Lagos,Pinseque,"Pinseque, AR, Spain",showcourse.php?cid=1372529791525363
True,GOLF LOS PALOS P&P,LOS PALOS - P&P,"ARONA, SANTA CRUZ DE TENERIFE, Spain",showcourse.php?cid=1719524460758776
True,Golf Maioris,Mallorca,"Llucmajor, IB, Spain",showcourse.php?cid=1307809003439
True,GOLF MEIS,Meis,"Meis. Pontevedra, Galicia, Spain",showcourse.php?cid=1336252674154
True,Golf Montbrú Moià,18-hole course,"Moià (BCN), Spain",showcourse.php?cid=1679488393525365
True,Golf Montbrú Moià,9-hole course,"Moià (BCN), Spain",showcourse.php?cid=1595752859504051
True,Golf Municipal de Llanes,18-hole course,"Llanes, Spain",showcourse.php?cid=1373288967157533
True,Golf Nuevo Portil,18-hole course,"Cartaya, Huelva, Spain",showcourse.php?cid=1127633085203
True,Golf Olivar de la Hinojosa,18H,"Madrid, MAD, Spain",showcourse.php?cid=1312243367596
True,Golf Olivar de la Hinojosa,Corto,"Madrid, MAD, Spain",showcourse.php?cid=1236119554255
True,Golf Park,Golf Park,"Madrid, Spain",showcourse.php?cid=1243333743983
True,Golf Park Mallorca,Golfpark mallorca,"Palma de Mallorca, Spain",showcourse.php?cid=1224573056406
True,Golf Peralada,18-hole course,"Peralada, CT, Spain",showcourse.php?cid=1145180388062
True,Golf Peralada,pitch and putt,"Peralada, CT, Spain",showcourse.php?cid=163320920527110
True,Golf Pitch & Putt Canal Olímpic,Golf Canal Olímpic de Catalunya,"Castelldefels, Spain",showcourse.php?cid=1459765891958602
True,Golf Race,18-hole course,"Madrid, MD, Spain",showcourse.php?cid=1083267597560
True,Golf Race,Pares 3,"Madrid, MD, Spain",showcourse.php?cid=1473028163326150
True,Golf Rio Real,18-hole course,"Marbella, Spain",showcourse.php?cid=1197532572578
True,Golf Sant Feliu,18-hole course,"Sant Feliu de Codines (BCN), CAT, Spain",showcourse.php?cid=1114778313381
True,Golf Sant Joan Barcelona,18-hole course,"Sant Cugat del Vallès / Rubí, CAT, Spain",showcourse.php?cid=1122284978453
True,Golf Sant Marc,18-hole course,"Puigcerda, CAT, Spain",showcourse.php?cid=1207300646489
True,Golf Sant Vicenç de Montalt,18-hole course,"Sant Vicenç de Montalt, CAT, Spain",showcourse.php?cid=1125601177893
True,Golf Santa Ponsa,1,"Santa Ponça, IB, Spain",showcourse.php?cid=1148646480156
True,Golf Santa Ponsa,2,"Santa Ponça, IB, Spain",showcourse.php?cid=1365868690359
True,Golf Santander,18-hole course,"Boadilla del Monte, MD, Spain",showcourse.php?cid=1201694247260
True,Golf Sierra Cortina,Pitch and Putt,"Finestrat (Alicante), Spain",showcourse.php?cid=1458866332111474
True,Golf Son Antem - Mallorca,East,"Llucmajor, IB, Spain",showcourse.php?cid=1245059675006
True,Golf Son Antem - Mallorca,West,"Llucmajor, IB, Spain",showcourse.php?cid=1245402126593
True,Golf Son Gual Mallorca,18-hole course,"Palma de Mallorca, Mallorca, Spain",showcourse.php?cid=1225194257470
True,Golf Son Parc Menorca,son parc,Spain,showcourse.php?cid=1466500409996118
True,Golf Son Quint,Pitch & Path,"Palma, IB, Spain",showcourse.php?cid=1365694349929
True,Golf Son Quint,Son Quint,"Palma, IB, Spain",showcourse.php?cid=1246023309739
True,Golf Son Vida,Par 70,"Son Vida, IB, Spain",showcourse.php?cid=1751407325555651
True,Golf Son Vida,Par 71,"Son Vida, IB, Spain",showcourse.php?cid=1184432759056
True,Golf Torrequebrada,18-hole course,"Benalmádena, AN, Spain",showcourse.php?cid=1081919731968
True,Golf Villa Mayor,18-hole course,"Villamayor, sal, Spain",showcourse.php?cid=1449678776678071
True,GOLF XAZ,18-hole course,"Oleiros,  Coruña, Spain",showcourse.php?cid=1646640344853465
True,Granada Golf Club,18-hole course,"Las Gabias, AN, Spain",showcourse.php?cid=1602233646516464
True,Green Paddock P&P,9-hole course,"Torrelodones, MAD, Spain",showcourse.php?cid=1272035810216
True,Green Sire Cabanillas Golf,18-hole course,"Cabanillas del Campo, Guadalajara, Spain",showcourse.php?cid=1228385101972
True,Greenlife Golf Marbella,9-hole course,"Marbella, AN, Spain",showcourse.php?cid=1400393416725434
True,Grijota Golf,Grijota,"Grijota (Palencia), PA, Spain",showcourse.php?cid=1275648017080
True,Guadalhorce Club de Golf,18-hole course,"Málaga, AN, Spain",showcourse.php?cid=1222541088281
True,Guara,Golf de Guara,"Huesca, Spain",showcourse.php?cid=1314824780154
True,Hacienda del Álamo,18-hole course,"Fuente Álamo, Murcia, Spain",showcourse.php?cid=1295269338899
True,Hacienda Riquelme Golf Resort,18-hole course,"Sucina, MC, Spain",showcourse.php?cid=1325108368340
True,Hauses Putt Training Course,Training Turf 3 Meters,Spain,showcourse.php?cid=1351625091949837
True,HCP1 Pitch&Putt,Hcp1,"St Vicens de Montalt, Spain",showcourse.php?cid=1390552828941112
True,Hércules Club de Golf,18-hole course,"Arteixo, A Coruña, GAL, Spain",showcourse.php?cid=1346777769591843
True,HIERRO 3 - Reino de León -,18-hole course,"Villanueva del Arbol, León, Spain",showcourse.php?cid=1624387917855636
True,Hotel Callao Salvaje,18-hole course,Spain,showcourse.php?cid=1520454384425792
True,Iberostar Real Novo Sancti Petri Golf Club,A - Mar y pinos,"Novo Sancti Petri, AN, Spain",showcourse.php?cid=1108638537547
True,Iberostar Real Novo Sancti Petri Golf Club,B - Centro,"Novo Sancti Petri, AN, Spain",showcourse.php?cid=1108639302761
True,Iberostar Real Novo Sancti Petri Golf Club,C - Campano,"Novo Sancti Petri, AN, Spain",showcourse.php?cid=1255093246290
True,IDP GOLF BASE AEREA DE ZARAGOZA,18-hole course,"Zaragoza, Spain",showcourse.php?cid=1458829854595012
True,INFINITUM Golf,Hills,"Vila-seca, CT, Spain",showcourse.php?cid=1249029452388
True,INFINITUM Golf,Hills-Ruins temporary loop,"Vila-seca, CT, Spain",showcourse.php?cid=1747066567533331
True,INFINITUM Golf,Lakes,"Vila-seca, CT, Spain",showcourse.php?cid=1249110054265
True,INFINITUM Golf,Ruins,"Vila-seca, CT, Spain",showcourse.php?cid=1225611077294
True,Instalaciones deportivas la cartuja,La cartuja,"Sevilla, Sevilla, Spain",showcourse.php?cid=1324917062026
True,Isla Canela Golf Club,Links,"Ayamonte, AN, Spain",showcourse.php?cid=1608235368686961
True,Isla Canela Golf Club,Old Course,"Ayamonte, AN, Spain",showcourse.php?cid=1379838790470002
True,isla de la cartuja,9-hole course,"sevilla, Spain",showcourse.php?cid=1410971544857861
True,Isla Valdecañas,Valdecañas,"El Gordo, ext, Spain",showcourse.php?cid=1326286623504
True,"Islantilla Golf Resort, S.L",Azul,"Isla Cristina, Huelva, Spain",showcourse.php?cid=1217352897300_1_1
True,"Islantilla Golf Resort, S.L",Amarillo,"Isla Cristina, Huelva, Spain",showcourse.php?cid=1217352897300_2_2
True,"Islantilla Golf Resort, S.L",Verde,"Isla Cristina, Huelva, Spain",showcourse.php?cid=1217352897300_3_3
True,"Islantilla Golf Resort, S.L",Azul + Amarillo,"Isla Cristina, Huelva, Spain",showcourse.php?cid=1217352897300_1_2
True,"Islantilla Golf Resort, S.L",Azul + Verde,"Isla Cristina, Huelva, Spain",showcourse.php?cid=1217352897300_1_3
True,"Islantilla Golf Resort, S.L",Amarillo + Verde,"Isla Cristina, Huelva, Spain",showcourse.php?cid=1217352897300_2_3
True,Izki Golf,Lagran,"Urturi, PV, Spain",showcourse.php?cid=1280137371868
True,Izki Golf,Urturi,"Urturi, PV, Spain",showcourse.php?cid=1147731481217
True,Jandia Golf Fuerteventura,18-hole course,"Morro Jable, Spain",showcourse.php?cid=1451661302269149
True,LA ALMARZA golf,la almarza,"SANCHIDRIAN (AVILA), SAN, Spain",showcourse.php?cid=1284377966100
True,la barganiza,la barganiza,"Oviedo, AST, Spain",showcourse.php?cid=1362003477520990
True,La Cala Golf,America,"Mijas Costa Malaga, AN, Spain",showcourse.php?cid=1200430222149
True,La Cala Golf,Asia,"Mijas Costa Malaga, AN, Spain",showcourse.php?cid=1105611211306
True,La Cala Golf,Europa,"Mijas Costa Malaga, AN, Spain",showcourse.php?cid=1200604981160
True,La Caminera Golf,La Caminera Golf,"Torrenueva (Ciudad Real), Spain",showcourse.php?cid=1327561977723321
True,La Cuesta,18-hole course,"Llanes, Ast, Spain",showcourse.php?cid=1174406406132
True,La Dehesa de moron,18-hole course,Spain,showcourse.php?cid=1355174750754
True,La Ducuesa Golf Club,La Ducuesa,Spain,showcourse.php?cid=1303714507888
True,La Duquesa Golf Country Club,18-hole course,"San Luis de Sabinillas, AN, Spain",showcourse.php?cid=1335833294834531
True,La Envia Golf,18-hole course,"Vícar, AN, Spain",showcourse.php?cid=1488454265118378
True,La Faisanera,18-hole course,"Palazuelos de Eresma - Segovia, Spain",showcourse.php?cid=1290534628964
True,La Finca Golf,Championship course,"Algorfa, VC, Spain",showcourse.php?cid=1202572522789
True,La Fresneda,La fresneda club de golf,"La fresneda, Ast, Spain",showcourse.php?cid=1336927257465
True,La Galera,18-hole course,"valladolid, Spain",showcourse.php?cid=1356832957610
True,La Galiana Golf Resort,18-hole course,"Tavernes de la Valldigna, VC, Spain",showcourse.php?cid=1316115566076
True,La Graiera,18,"Calafell (Tarragona), CAT, Spain",showcourse.php?cid=1266337333130
True,La Graiera,Par 3,"Calafell (Tarragona), CAT, Spain",showcourse.php?cid=1250786841553
True,La Hacienda Links Golf Resort,Heathland,"San Roque, AN, Spain",showcourse.php?cid=1247247432117
True,La Hacienda Links Golf Resort,Links,"San Roque, AN, Spain",showcourse.php?cid=1246819664124
True,La Junquera,La Junquera 09-09-2012,"Pedreña, CAN, Spain",showcourse.php?cid=1347182826972
True,La Manga Club,North,"Atamaría, MC, Spain",showcourse.php?cid=1274736514862
True,La Manga Club,South,"Atamaría, MC, Spain",showcourse.php?cid=1404288837582965
True,La Manga Club,West,"Atamaría, MC, Spain",showcourse.php?cid=1274738434141
True,La Maquessa,no courses added,Spain,newcourseform.php?clid=1737570551463383
True,La Marquesa Golf,18-hole course,"Rojales, VC, Spain",showcourse.php?cid=1223571806453
True,La Monacilla Golf Club,18-hole course,"Dehesa Golf, AN, Spain",showcourse.php?cid=1335440760113
True,La Morgal Golf,18-hole course,"Llanera, asturias, Spain",showcourse.php?cid=1433970691199
True,La noria golf,9-hole course,"La Cala de Mijas, AN, Spain",showcourse.php?cid=1251387546331
True,La Peñaza,La Peñaza 2014,"Zaragoza, Spain",showcourse.php?cid=1244411783409
True,La Peñuela Golf Shot,La Peñuela,"Cabanillas de la Sierra, MAD, Spain",showcourse.php?cid=1471383698123297
True,La Peraleja,peraleja,"Sucina, Spain",showcourse.php?cid=1248770904368
True,La Quinta Golf & Country Club,A- San Pedro,"Benahavís, AN, Spain",showcourse.php?cid=1238234321453_1_1
True,La Quinta Golf & Country Club,B - Ronda,"Benahavís, AN, Spain",showcourse.php?cid=1238234321453_2_2
True,La Quinta Golf & Country Club,C - Guadaiza,"Benahavís, AN, Spain",showcourse.php?cid=1238234321453_3_3
True,La Quinta Golf & Country Club,A- San Pedro + B - Ronda,"Benahavís, AN, Spain",showcourse.php?cid=1238234321453_1_2
True,La Quinta Golf & Country Club,A- San Pedro + C - Guadaiza,"Benahavís, AN, Spain",showcourse.php?cid=1238234321453_1_3
True,La Quinta Golf & Country Club,B - Ronda + C - Guadaiza,"Benahavís, AN, Spain",showcourse.php?cid=1238234321453_2_3
True,La Rasa de Berbes,La Rasa de Berbes,"Berbes, Spain",showcourse.php?cid=1175785118092
True,La Reserva Golf Club,18-hole course,"San Roque, Sotogrande, Cádiz, Spain",showcourse.php?cid=1285227654086
True,La Reserva Rotana,18-hole course,"Manacor, Mallorca, Spain",showcourse.php?cid=1624676672544741
True,La Resina Golf & Country Club,9 Holes,"Estepona - Málaga, Spain",showcourse.php?cid=1495368779302631
True,La Sella Golf,Llebeig,"Jesus Pobre, VC, Spain",showcourse.php?cid=1216763022540_1_1
True,La Sella Golf,Gregal,"Jesus Pobre, VC, Spain",showcourse.php?cid=1216763022540_2_2
True,La Sella Golf,Mestral,"Jesus Pobre, VC, Spain",showcourse.php?cid=1216763022540_3_3
True,La Sella Golf,Llebeig + Gregal,"Jesus Pobre, VC, Spain",showcourse.php?cid=1216763022540_1_2
True,La Sella Golf,Llebeig + Mestral,"Jesus Pobre, VC, Spain",showcourse.php?cid=1216763022540_1_3
True,La Sella Golf,Gregal + Mestral,"Jesus Pobre, VC, Spain",showcourse.php?cid=1216763022540_2_3
True,La Siesta Golf Calahonda,9-hole course,"Mijas-Costa, Spain",showcourse.php?cid=1366738420497191
True,La Tercia Golf Resort,18-hole course,"La Tercia, Mu, Spain",showcourse.php?cid=1218387251299
True,La Torre Golf - GNK Golf,18-hole course,"Roldán, MC, Spain",showcourse.php?cid=1356125407513576
True,Laguna De Los Patos,9-hole course,"LA RODA, albacete, Spain",showcourse.php?cid=1595959342971132
True,Lanzarote Golf,18-hole course,"Puerto del Carmen, CN, Spain",showcourse.php?cid=1423679410964052
True,Larrabea Club de Golf,LARRABEA CLUB,"Legutiano, Ala, Spain",showcourse.php?cid=1241762948668
True,Las Caldas,Campo Municipal Las Caldas,"Oviedo, AST, Spain",showcourse.php?cid=1334740260377982
True,Las Llanas,9 Hoyos,"Grajera. Segovia, Spain",showcourse.php?cid=1341686116804943
True,Las Lomas Bosque,18 hoyos,"Villaviciosa de Odon, Mad, Spain",showcourse.php?cid=1188587625118
True,LAS MATAS,18-hole course,"Madrid, Spain",showcourse.php?cid=1295091926703
True,Las Minas,9-hole course,"Aznalcázar - Sevilla, Spain",showcourse.php?cid=1267443754350
True,Las Palmeras Golf,Recorrido A,"Las Palmas, LPA, Spain",showcourse.php?cid=1339338279071
True,Las Palmeras Golf,Recorrido B,"Las Palmas, LPA, Spain",showcourse.php?cid=1407514547172153
True,Las Palmeras Golf,Recorrido C,"Las Palmas, LPA, Spain",showcourse.php?cid=1742819520357696
True,Las Pinaillas,18-hole course,"Albacete, CM, Spain",showcourse.php?cid=1346858468858
True,Las Rejas Benidorm,Golf Pitch & Putt,"Benidorm, AL, Spain",showcourse.php?cid=1313506210222
True,Laukariz Country Club,A,"Laukariz, PV, Spain",showcourse.php?cid=1336676508894302_1_1
True,Laukariz Country Club,B,"Laukariz, PV, Spain",showcourse.php?cid=1336676508894302_2_2
True,Laukariz Country Club,C,"Laukariz, PV, Spain",showcourse.php?cid=1336676508894302_3_3
True,Laukariz Country Club,A + B,"Laukariz, PV, Spain",showcourse.php?cid=1336676508894302_1_2
True,Laukariz Country Club,A + C,"Laukariz, PV, Spain",showcourse.php?cid=1336676508894302_1_3
True,Laukariz Country Club,B + C,"Laukariz, PV, Spain",showcourse.php?cid=1336676508894302_2_3
True,Lauro Golf Resort,1. Nine,"Alhaurín de la Torre, AN, Spain",showcourse.php?cid=1153863972427_1_1
True,Lauro Golf Resort,2. Nine,"Alhaurín de la Torre, AN, Spain",showcourse.php?cid=1153863972427_2_2
True,Lauro Golf Resort,3. Nine,"Alhaurín de la Torre, AN, Spain",showcourse.php?cid=1153863972427_3_3
True,Lauro Golf Resort,1. Nine + 2. Nine,"Alhaurín de la Torre, AN, Spain",showcourse.php?cid=1153863972427_1_2
True,Lauro Golf Resort,1. Nine + 3. Nine,"Alhaurín de la Torre, AN, Spain",showcourse.php?cid=1153863972427_1_3
True,Lauro Golf Resort,2. Nine + 3. Nine,"Alhaurín de la Torre, AN, Spain",showcourse.php?cid=1153863972427_2_3
True,León Club de Golf El Cueto,El Cueto,"Spain, Spain",showcourse.php?cid=1216669328576
True,LIZASO GOLF CLUB,18-hole course,"Lizaso, Navarra, Spain",showcourse.php?cid=1754904476236008
True,Lo Romero golfclub,18-hole course,"Pilar de la Horadada, VC, Spain",showcourse.php?cid=1245662030352
True,Logroño,La Grajera,"Logroño, Rio, Spain",showcourse.php?cid=1478208390764319
True,Lorca Resort golfclub,lorca resort,"Purias-Lorca, Spain",showcourse.php?cid=1468263619415973
True,Los Arqueros Golf & Country Club,18-hole course,"Benahavís, AN, Spain",showcourse.php?cid=1215014036136
True,los Montesinos,Montesinosgolf,"scott, Spain",showcourse.php?cid=1357838709115
True,Los Moriscos Club de Golf,18-hole course,"Motril, AN, Spain",showcourse.php?cid=1201336845315
True,Los Naranjos Golf Club,18-hole course,"Marbella, AN, Spain",showcourse.php?cid=1207325971472
True,Los Palos Golf Center,Los Palos,"Arona, Tenerife, Spain",showcourse.php?cid=1389966620887414
True,Los Retamares,18-hole course,"Madrid, Spain",showcourse.php?cid=1185436609473
True,Lugo,9 Hoyos,"Lugo, LU, Spain",showcourse.php?cid=1341669251373479
True,Magna Golf Marbella,18 holes,"Marbella, AN, Spain",showcourse.php?cid=1332847465384
True,Mar Menor,no courses added,Spain,newcourseform.php?clid=1739623312378289
True,Mar Menor Golf Village,18-hole course,"Torre-Pacheco, MC, Spain",showcourse.php?cid=1351541372617314
True,Marbella club golf resort,18-hole course,"Benahavís, AN, Spain",showcourse.php?cid=1187781405364
True,Marbella Golf Country Club,Marbella,"Marbella, AN, Spain",showcourse.php?cid=1242199968700
True,Margas Golf,18-hole course,"Latas, Hue, Spain",showcourse.php?cid=1286547279218
True,Marina golf Mojacar,18-hole course,"Mojacar almeria, alm, Spain",showcourse.php?cid=1213823456216
True,Mas Gurumbau - Pitch & Putt,18-hole course,"Taradell, Spain",showcourse.php?cid=1444151093588728
True,Mas Pages,Mas Pages Golf,"Girona, Spain",showcourse.php?cid=1448735350891509
True,Mas Tapiolas Pitch & Putt,18-hole course,"Santa Cristina d'Aro, CAT, Spain",showcourse.php?cid=1475562261435712
True,Mas Torrellas Pitch & Putt,18-hole course,"Santa Cristina d'Aro, CAT, Spain",showcourse.php?cid=1475522561693751
True,Masia Estrellas,18-hole course,"Valencia, vl, Spain",showcourse.php?cid=1171015051535
True,Masia Estrellas,Mini golf,"Valencia, vl, Spain",showcourse.php?cid=1317841501754
True,Maspalomas Golf,18-hole course,"Maspalomas, CN, Spain",showcourse.php?cid=1148019568800
True,Mataleñas,Mataleñas 09-09-2012,"Santander, Spain",showcourse.php?cid=1347182614602
True,Meaztegi Golf,18-hole course,"Ortuella, Viz, Spain",showcourse.php?cid=1154990624014
True,Medina Elvira Golf,18-hole course,"Granada, Spain",showcourse.php?cid=1239901008040
True,Mediterraneo Golf,18-hole course,"Borriol, VC, Spain",showcourse.php?cid=1118834332906
True,Meis,18-hole course,"PON, Spain",showcourse.php?cid=1249625831192
True,Melilla,no valid,"Melilla, ML, Spain",showcourse.php?cid=1367085986141391
True,Melilla,valido,"Melilla, ML, Spain",showcourse.php?cid=1367085834485409
True,Meloneras Golf Club,18-hole course,"Maspalomas, CN, Spain",showcourse.php?cid=1392901166429
True,Miguel Angel Jimenez Golf Academy,9-hole course,"Torremolinos, AN, Spain",showcourse.php?cid=1497964215818684
True,Mijas Golf Club,Los Lagos,"Las Lagunas de Mijas, AN, Spain",showcourse.php?cid=1374241975773864
True,Mijas Golf Club,Los Olivos,"Las Lagunas de Mijas, AN, Spain",showcourse.php?cid=1175010394261
True,MIÑO Club de Golf ÁRTABRO,MIÑO 18 Hoyos,"MIÑO (A CORUÑA), Spain",showcourse.php?cid=1558415488875966
True,MIÑO Club de Golf ÁRTABRO,MIÑO 9 Hoyos IDA,"MIÑO (A CORUÑA), Spain",showcourse.php?cid=1602852253370131
True,MIÑO Club de Golf ÁRTABRO,MIÑO 9 Hoyos VUELTA,"MIÑO (A CORUÑA), Spain",showcourse.php?cid=1602852669369471
True,Miño OLD,18 Hoyos R1 LARGO,"A Coruña, C, Spain",showcourse.php?cid=1399300383196325
True,Miño OLD,18 Hoyos R2 CORTO,"A Coruña, C, Spain",showcourse.php?cid=1323347460797
True,Miño OLD KO,MIÑO,"La Coruña, Spain",showcourse.php?cid=1335910792234
True,Miraflores Golf Club,18-hole course,"Mijas Costa, Spain",showcourse.php?cid=1144331101067
True,Monte Mayor,yards,"Malaga, Spain",showcourse.php?cid=1237186632669
True,Monte Paraiso,9-hole course,"Marbella, Málaga, Spain",showcourse.php?cid=1688313043730712
True,Montealegre Golf Club,Montealegre,"Ourense, Spain",showcourse.php?cid=1435170069165079
True,montesinos,9-hole course,"Los Montesinos, sco, Spain",showcourse.php?cid=1357838854531
True,Mosa Trajectum Golf,Pine + Stone,"Baños y Medigo - Murcia, Spain",showcourse.php?cid=1302419999857
True,Mosa Trajectum Golf,Stone + Olive,"Baños y Medigo - Murcia, Spain",showcourse.php?cid=1220810099358
True,Navagrulla,18-hole course,"San Leonardo de Yagüe, SO, Spain",showcourse.php?cid=1374501660678
True,Navaluenga,Navaluenga,"Navaluenga, AVI, Spain",showcourse.php?cid=1323103293954772
True,NCG LAS MATAS,18-hole course,"Madrid, mad, Spain",showcourse.php?cid=1222417725948
True,Negralejo,Corto,"Rivas-Vaciamadrid, Madrid, Spain",showcourse.php?cid=1184508665515
True,Negralejo,Largo,"Rivas-Vaciamadrid, Madrid, Spain",showcourse.php?cid=1355836820515320
True,Negralejo,Largo-Corto,"Rivas-Vaciamadrid, Madrid, Spain",showcourse.php?cid=1184064800921
True,Negralejo,Negralejo 18 P&P,"Rivas-Vaciamadrid, Madrid, Spain",showcourse.php?cid=1425326224344
True,New Madrid Golf Club S.D.,18-hole course,"Madrid, MD, Spain",showcourse.php?cid=1083269515077
True,New Sierra Golf,18-hole course,"Avileses, MC, Spain",showcourse.php?cid=1676130788465220
True,Norba Club de Golf Cáceres,18-hole course,"Cáceres, EX, Spain",showcourse.php?cid=1203246833041
True,novo golf club,18-hole course,"chiclana de la frontera, Spain",showcourse.php?cid=1349296098321842
True,OLD COURSE GRAN CANARIA,18-hole course,Spain,showcourse.php?cid=1699704973601884
True,OLIMPICO DE LEON - CULB DEPORTIVO -,18 hoyos,"LEON, Spain",showcourse.php?cid=1624278678999247
True,Olivia Nova,no courses added,Spain,newcourseform.php?clid=1715854796958913
True,P&P Badalona,18-hole course,"Badalona, BCN, Spain",showcourse.php?cid=1144951777520
True,P&P Handicap 1,18-hole course,"Sant Andreu de Llavaneras, BCN, Spain",showcourse.php?cid=1144949440119
True,P&P La Garriga,P&P La Garriga,"La Garriga, BCN, Spain",showcourse.php?cid=133663562279959
True,P&P Lleida,18-hole course,"Lleida, Spain",showcourse.php?cid=1140186830940
True,P&P Montseny NEW,18-hole course,"Gualba, BCN, Spain",showcourse.php?cid=1144952250642
True,P&P ROC3,18-hole course,"Santa Coloma de Cervello, BCN, Spain",showcourse.php?cid=1249145238003
True,P&P ROC3,ROC3,"Santa Coloma de Cervello, BCN, Spain",showcourse.php?cid=1369649179440808
True,P&P Sant Cebria,18-hole course,"Sant Cebriá de Vallalta, BCN, Spain",showcourse.php?cid=1144911225827
True,P&P SANT CUGAT,18-hole course,"Sant Cugat del Valles, BCN, Spain",showcourse.php?cid=1371119857770816
True,P&P Teià,18 forats ACPP,"Teià, Barcelona, Spain",showcourse.php?cid=1719343781334916
True,P&P Teià,EPPA,"Teià, Barcelona, Spain",showcourse.php?cid=1368083359594576
True,P&P Tenis Mora,18-hole course,"Sant Andreu de Llavaneras, BCN, Spain",showcourse.php?cid=1144952601125
True,P&P Vallromanes,Recorregut Vallromanes 9 forats,"Vilanova del Valles, BCN, Spain",showcourse.php?cid=1673791855754102
True,P&P Vallromanes,Recorregut Vilanova,"Vilanova del Valles, BCN, Spain",showcourse.php?cid=1144952994622
True,Pablo Hernandez,18-hole course,"Noves, Tol, Spain",showcourse.php?cid=1381601247936
True,Paderne Pitch&Putt,Paderne P&P,"A Coruña, Spain",showcourse.php?cid=1485423060301231
True,Palomarejos,18-hole course,"Talavera de la Reina, Spain",showcourse.php?cid=1213383018484
True,Panoramica Golf,18-hole course,"San Jorge, VC, Spain",showcourse.php?cid=1136121319545
True,Par 3 pitch & putt Gualta,18-hole course,"Gualta, GIR, Spain",showcourse.php?cid=1144950383663
True,Parador de Málaga Golf Club,18-hole course,"Algeciras, AN, Spain",showcourse.php?cid=1328464614426248
True,PdH arriba,18-hole course,"Madrid, Spain",showcourse.php?cid=1243092482784
True,PGA Golf Catalunya,Stadium,"Caldes de Malavella (GIR), CAT, Spain",showcourse.php?cid=1238939261108
True,PGA Golf Catalunya,Tour,"Caldes de Malavella (GIR), CAT, Spain",showcourse.php?cid=1238939411951
True,Pitch & Putt,18-hole course,"Figuerola, Spain",showcourse.php?cid=1117089009776
True,Pitch & Putt Castelló d'Empúries,Pitch & Putt Castelló-Empuriabrava,"Castelló d'Empúries, Spain",showcourse.php?cid=1621844267720386
True,Pitch & Putt Derio,Pitch & Putt Derio,"Derio, Viz, Spain",showcourse.php?cid=1326964405534934
True,Pitch & Putt La Figuerola,18-hole course,"Vandellos, Cat, Spain",showcourse.php?cid=1123592581493
True,PITCH & PUTT PLATJA D'ARO,18-hole course,"Platja d'Aro, CAT, Spain",showcourse.php?cid=1475591533866276
True,Pitch&Putt Can Mascaro,18-hole course,"La Palma de Cervello, Barcelona, Spain",showcourse.php?cid=1619760465579171
True,Pollença Golf Club,9-hole course,"Pollença, IB, Spain",showcourse.php?cid=1640955151919612
True,Portal del Roc,Pitch & Putt,"Vilanova i la Geltrú (Barcelon, CAT, Spain",showcourse.php?cid=1165377859572
True,POZO DO LAGO,POZO DO LAGO,"OURENSE, Spain",showcourse.php?cid=1288208787013
True,Puig Campana Golf,9-hole course,"Finestrat, VC, Spain",showcourse.php?cid=1502386563686477
True,Puit Campana,no courses added,Spain,newcourseform.php?clid=1733912380185522
True,Pula Golf,18-hole course,"Son Servera, PM, Spain",showcourse.php?cid=1300001498412
True,Quinto Coto,Quinto Coto,"Villanueva de la Serena, Extremadura, Spain",showcourse.php?cid=1721234599346739
True,RAC Santiago,18-hole course,"Santiago de Compostela, Spain",showcourse.php?cid=1218195376498
True,RAC VIGO,RAC VIGO,"VIGO, 34, Spain",showcourse.php?cid=1502647648729267
True,RACE,18-hole course,"San Sebastián de los Reyes, Mad, Spain",showcourse.php?cid=1181375916512
True,Ramón Sota,9-hole course,"Agüero , Spain",showcourse.php?cid=1336666841133179
True,Ranillas Golf,Ranillas,"Zaragoza, Spain",showcourse.php?cid=1231366823130
True,RCPH Buenavista,RCPH-Campo Buenavista,"Madrid, Spain",showcourse.php?cid=1560783203319573
True,Real Club de Campo de Córdoba,18-hole course,"CORDOBA, AN, Spain",showcourse.php?cid=1446640422400587
True,Real club de golf Campoamor,18-hole course,"Orihuela Costa, Spain",showcourse.php?cid=1440509320538953
True,Real club de golf de Cerdaña,Recorrido verde,"Puigcerdà- Girona, Cat, Spain",showcourse.php?cid=1559804015197418
True,Real Club de Golf de La Coruña,Zapateira,"A Coruña, GMP, Spain",showcourse.php?cid=1250025982846
True,Real Club de Golf de Las Palmas,18-hole course,"Las Palmas, Gran Canaria, Spain",showcourse.php?cid=1262550452079
True,Real Club de Golf de Puerta de Hierro,Abajo,"Madrid, MAD, Spain",showcourse.php?cid=1233571266459
True,Real Club de Golf de Puerta de Hierro,Arriba,"Madrid, MAD, Spain",showcourse.php?cid=1201949925747
True,Real Club de Golf de Puerta de Hierro,Buenavista,"Madrid, MAD, Spain",showcourse.php?cid=1236113280062
True,Real Club de Golf de Tenerife,18-hole course,"Tacoronte, CN, Spain",showcourse.php?cid=1324039190533
True,Real Club de Golf El Candado,El Candado,"Málaga, AN, Spain",showcourse.php?cid=1394479077253
True,Real Club de Golf El Prat,Amarillo,"Terrassa, CT, Spain",showcourse.php?cid=1303161455219
True,Real Club de Golf El Prat,Azul,"Terrassa, CT, Spain",showcourse.php?cid=1312994527926
True,Real Club de Golf El Prat,Open,"Terrassa, CT, Spain",showcourse.php?cid=1306924174914
True,Real Club de Golf El Prat,Rosa,"Terrassa, CT, Spain",showcourse.php?cid=1310148689972
True,Real Club de Golf El Prat,Verde,"Terrassa, CT, Spain",showcourse.php?cid=1524343453758883
True,Real Club de Golf Green,18-hole course,"Barcelona, Spain",showcourse.php?cid=1083269902588
True,Real Club de Golf Guadalmina,Norte,"San Pedro de Alcántara - Marb, Spain",showcourse.php?cid=1119900862826
True,Real Club de Golf Guadalmina,Sur,"San Pedro de Alcántara - Marb, Spain",showcourse.php?cid=1225960392257
True,Real Club de Golf La Herreria,Campo largo,"San Lorenzo de El Escorial, Spain",showcourse.php?cid=142929187866951
True,Real Club de Golf La Toja,18-hole course,"Isla de La Toja, Spain",showcourse.php?cid=1250269045516
True,Real Club de Golf Las Brisas,18-hole course,"Marbella, AN, Spain",showcourse.php?cid=1195239789821
True,Real Club de Golf Las Rozas,18-hole course,"Las Rozas de Madrid, Spain",showcourse.php?cid=1735203278277436
True,Real Club de Golf Sotogrande,18-hole course,"Sotogrande,Cádiz, Spain",showcourse.php?cid=1540204499886475
True,Real Club de Golf Sotogrande,Corto,"Sotogrande,Cádiz, Spain",showcourse.php?cid=1744040687453178
True,Real Club de Vista Hermosa,Vista Hermosa,"El Puerto de Sta. María -  Cad, Spain",showcourse.php?cid=1471344805892525
True,Real club golf castiello,Real Club de Golf de Castiello,"Gijón, Asturias, Spain",showcourse.php?cid=1399747742440
True,Real Club Pineda de Sevilla,18-hole course,"Sevilla, AN, Spain",showcourse.php?cid=153080112342206
True,Real Club Sevilla Golf,18-hole course,"Sevilla, SE, Spain",showcourse.php?cid=1179469700756
True,Real Club Valderrama,18-hole course,"Sotogrande, AN, Spain",showcourse.php?cid=1146054929551
True,Real de Faula - Poniente,18-hole course,"Benidorm, Spain",showcourse.php?cid=1185121915548
True,Real Golf Club de San Sebastian,18-hole course,"Donostia, Gip, Spain",showcourse.php?cid=1213012242660
True,Real Golf Club de San Sebastian,jaizkibel,"Donostia, Gip, Spain",showcourse.php?cid=1373042845749012
True,Real Golf Club de Zarauz,zarautz,"Zarautz, Spain",showcourse.php?cid=1469621586342219
True,Real Golf Club Oyambre,9 hoyos,"Valdáliga, Cantabria, Spain",showcourse.php?cid=169089096326702
True,Real Golf de Bendinat,Par 69,"Bendinat, IB, Spain",showcourse.php?cid=1113909256931
True,Real Golf de Bendinat,Par 70,"Bendinat, IB, Spain",showcourse.php?cid=1706043952255929
True,REAL GOLF DE PEDREÑA,18-hole course,"Pedreña, Cantabria, Spain",showcourse.php?cid=1317222950685999
True,Real Nuevo club de Golf de San Sebastián Basozabal,Basozabal,"San Sebastián, Gip, Spain",showcourse.php?cid=1365046548317926
True,Real Sociedad de Golf de Neguri,La Galea,"Getxo, BIL, Spain",showcourse.php?cid=1240006881187
True,Real Sociedad Hipica Club de Campo,Norte,"San Sebastián de los Reyes, Mad, Spain",showcourse.php?cid=1371283642100828
True,Real Sociedad Hipica Club de Campo,Sur,"San Sebastián de los Reyes, Mad, Spain",showcourse.php?cid=1371291030591127
True,Reial Club de Golf Manises,9-hole course,"Manises, VC, Spain",showcourse.php?cid=1319298541862519
True,Retamares,18-hole course,"Alalpardo, Madrid, Spain",showcourse.php?cid=1176558290644
True,RFEG,18-hole course,Spain,showcourse.php?cid=1184317672875
True,RFEG Campo Corto 6 hoyos,Fede,Spain,showcourse.php?cid=1499945826113251
True,Ria de vigo,18-hole course,"Moaña, Pontevedra, GAL, Spain",showcourse.php?cid=1336238979317
True,Riocerezo,Riocerezo,"Riocerezo,Burgos, BU, Spain",showcourse.php?cid=1432064797489300
True,RIOJA ALTA GOLF CLUB,18-hole course,"Cirueña, Spain",showcourse.php?cid=1184069585578
True,Roc 3 Pitch & Putt,Roc 3 Pitch & Putt,"Santa Coloma de Cervelló, CAT, Spain",showcourse.php?cid=1475518756667297
True,Roda Golf,18-hole course,"Roda, MC, Spain",showcourse.php?cid=1256634503944
True,Rovacías Comillas,11+7,"Comillas, Cantabria, Spain",showcourse.php?cid=1693156961410314
True,RSHECC,Campo Norte,"Madrid, ESP, Spain",showcourse.php?cid=1084271781364
True,RSHECC,Campo Sur,"Madrid, ESP, Spain",showcourse.php?cid=1164114047259
True,Salas de los Infantes,Salas de los infantes (ar),"Salas de los Infantes, BU, Spain",showcourse.php?cid=1395089577420260
True,Saldaña Golf,Burgos Saldaña,"Saldaña de Burgos, Burgos, Spain",showcourse.php?cid=1253372769700
True,Saldaña Golf,SaldaÃ±a,"Burgos, Spain",showcourse.php?cid=1328560476933
True,Salobre Golf,Old 1-9,"Maspalomas, CN, Spain",showcourse.php?cid=1316707046904_1_1
True,Salobre Golf,Old 10-18,"Maspalomas, CN, Spain",showcourse.php?cid=1316707046904_2_2
True,Salobre Golf,New,"Maspalomas, CN, Spain",showcourse.php?cid=1316707046904_3_3
True,Salobre Golf,Old 1-9 + Old 10-18,"Maspalomas, CN, Spain",showcourse.php?cid=1316707046904_1_2
True,Salobre Golf,Old 1-9 + New,"Maspalomas, CN, Spain",showcourse.php?cid=1316707046904_1_3
True,Salobre Golf,Old 10-18 + New,"Maspalomas, CN, Spain",showcourse.php?cid=1316707046904_2_3
True,San Feliu,18-hole course,Spain,showcourse.php?cid=1306227342039
True,San Roque Golf Club,New Course,"San Roque, AN, Spain",showcourse.php?cid=1092220653671
True,San Roque Golf Club,Old Course,"San Roque, AN, Spain",showcourse.php?cid=1084875202470
True,San Roque Golf Resort,no courses added,"San Roque, Cádiz, Spain",newcourseform.php?clid=1756664732859159
True,San Roque Golf Resort,no courses added,"San Roque, Cádiz, Spain",newcourseform.php?clid=1756665507527556
True,San Roque Golf Resort,New,"San Roque, Cádiz, Spain",showcourse.php?cid=1756665807317961
True,Sancti Petri Hills Golf,18-hole course,"Chiclana de la Frontera, AN, Spain",showcourse.php?cid=1424025482911923
True,Sanlucar Club de Campo,18-hole course,"Sanlucar de Barrameda, CAD, Spain",showcourse.php?cid=1194645897267
True,Santa Clara Golf Granada,18-hole course,"Otura, Spain",showcourse.php?cid=1460815028443997
True,Santa Clara Golf Marbella,18-hole course,"Marbella, AN, Spain",showcourse.php?cid=1187784380960
True,Santa Maria Golf & Country Club,18-hole course,"Marbella, Málaga, Spain",showcourse.php?cid=1102439161627
True,Santa Maria Golf & Country Club,Provisional 2025,"Marbella, Málaga, Spain",showcourse.php?cid=1751027575176193
True,Santa Marina Golf,Santa Marina,"San Vicente de la Barquera, Spain",showcourse.php?cid=1342783053898
True,Santana Golf,18-hole course,"Mijas, AN, Spain",showcourse.php?cid=1203588004720
True,Saurines Golf Ugolf,18-hole course,"Roldán, MC, Spain",showcourse.php?cid=1340891682037
True,SEK VILLAFRANCA DEL CASTILLO,SEK VILLAFRANCA DEL CASTILLO,Spain,showcourse.php?cid=1382225985582329
True,Señorio de Illescas,Señorio de Illescas,"Illescas - Toledo, Spain",showcourse.php?cid=1376604558765
True,SENSOL GOLF,SENSOL GOLF,"Mazarrón, Mu, Spain",showcourse.php?cid=1367774027469348
True,Serena Golf,18-hole course,"Los Alcázares, MC, Spain",showcourse.php?cid=1221003128929
True,Serres De Pals - Golf & Sport Club,18-hole course,"Pals - Girona, CAT, Spain",showcourse.php?cid=1114861218234
True,Sherry Golf Jerez,18-hole course,"Jerez de la Frontera, AN, Spain",showcourse.php?cid=1188576773578
True,Sojuela Club de Campo,18-hole course,"SOJUELA (Logroño), La Rioja, Spain",showcourse.php?cid=1327263659029
True,Somosaguas,Somosaguas,"Madrid, MADRID, Spain",showcourse.php?cid=1292498549212
True,Son Muntaner Golf,18-hole course,"Palma de Mallorca, E, Spain",showcourse.php?cid=1113909593224
True,T Golf Calvia,18-hole course,"Calvià, , PM, Spain",showcourse.php?cid=1663699475326679
True,T Golf Palma Puntiro,18-hole course,"Palma, IB, Spain",showcourse.php?cid=1238262031473
True,Talayuela Golf,18-hole course,"Talayuela, Cáceres, EX, Spain",showcourse.php?cid=1360608223977832
True,Tambre Golf - Pitch,18-hole course,Spain,showcourse.php?cid=1640909040200791
True,Taradell Golf,18-hole course,"Taradell (BCN), CAT, Spain",showcourse.php?cid=1114791879621
True,Taradell Golf,Front 9,"Taradell (BCN), CAT, Spain",showcourse.php?cid=1657691486967019
True,Tecina Golf,18-hole course,"Playa Santiago, CN, Spain",showcourse.php?cid=1195323154828
True,Torre-Serona,18-hole course,"Lleida, Spain",showcourse.php?cid=1143884956873
True,Torremirona Golf Club,18-hole course,"Navata, CT, Spain",showcourse.php?cid=1237643813004
True,Uraburu Golf,Uraburu Golf,"Galdakao, Basque Country, Spain",showcourse.php?cid=1419547002276
True,Urnieta Pitch & Patt,18-hole course,"Urnieta, Donostia, Spain",showcourse.php?cid=1709735553410250
True,Val de Rois,Rois 18 Hoyos,"Rois.  A Coruña, Spain",showcourse.php?cid=1537280912314097
True,Valdenarra,valdenarra,"Bercial, Segovia, Spain",showcourse.php?cid=1540411952293668
True,Vall D'or Golf,18-hole course,"Felanitx, IB, Spain",showcourse.php?cid=1600150873385877
True,Vall D'or Golf,18-hole course,"Felanitx, IB, Spain",showcourse.php?cid=1322990175309
True,Valle del Este,Valle Del Este,"Vera, AN, Spain",showcourse.php?cid=1247776965944
True,Valle Romano Golf,18-hole course,"Estepona, AN, Spain",showcourse.php?cid=1330173081151382
True,Valles Golf,18-hole course,"Terrassa, CAT, Spain",showcourse.php?cid=1297534923613
True,Valmuza Golf Resort,18-hole course,"Salamanca, Spain",showcourse.php?cid=1312384729165
True,Veneziola Golf,18-hole course,"La Manga, MU, Spain",showcourse.php?cid=1136656251251
True,Villa Nueva Golf,18-hole course,"Puerto Real, Cadiz, Spain",showcourse.php?cid=1241600968768
True,Villa Padierna Golf Club,Alferini,"Marbella, AN, Spain",showcourse.php?cid=1270236262757
True,Villa Padierna Golf Club,Flamingos,"Marbella, AN, Spain",showcourse.php?cid=1189608190692
True,Villa Padierna Golf Club,Tramores,"Marbella, AN, Spain",showcourse.php?cid=1386149824767483
True,Villaitana Golf,Levante,"Benidorm, VC, Spain",showcourse.php?cid=1157094465114
True,Villaitana Golf,Poniente,"Benidorm, VC, Spain",showcourse.php?cid=135721498156151
True,Villamartín Golf,18-hole course,"Villamartín, VC, Spain",showcourse.php?cid=1107812511656
True,VILLAMAYOR,18-hole course,"SALAMANCA, SPAIN",showcourse.php?cid=1262424603596
True,Villanueva Golf & Croquet,18-hole course,"Puerto Real, AN, Spain",showcourse.php?cid=1184782265796
True,villaviciosa golf 72,villaviciosa,"villaviciosa, asturias, Spain",showcourse.php?cid=1401915465184
True,Vistabella Golf,18-hole course,"Orihuela, VC, Spain",showcourse.php?cid=1269065865579
True,VistaHermosa Club de Golf,9-hole course,"Puerto de Santa Maria, Cadiz, Spain",showcourse.php?cid=1177373171059
True,Zarapicos Salamanca,18-hole course,"Salamanca, SA, Spain",showcourse.php?cid=1153861899904
True,Zuasti Club de Campo,Zuasti nuevo recorrido,"Zuasti, Nav, Spain",showcourse.php?cid=1271784143988
